love,sex,6.77,0.112080306tiger,cat,7.35,0tiger,tiger,10,1book,paper,7.46,0.047326233computer,keyboard,7.62,0computer,internet,7.58,0.05824141plane,car,5.77,-0.08425311train,car,6.31,0.018724116telephone,communication,7.5,0television,radio,6.77,0.26626182media,radio,7.42,0.10169479drug,abuse,6.85,0.10757826bread,butter,6.19,0cucumber,potato,5.92,0doctor,nurse,7,-0.036035873professor,doctor,6.62,0.03717182student,professor,6.81,0.10528054smart,student,4.62,0smart,stupid,5.81,0company,stock,7.08,0.084036216stock,market,8.08,0.19546288stock,phone,1.62,0stock,CD,1.31,0stock,jaguar,0.92,0stock,egg,1.81,-0.07215229fertility,egg,6.69,0stock,live,3.73,-0.007012911stock,life,0.92,0.098674book,library,7.46,0.012461409bank,money,8.12,0.12865311wood,forest,7.73,0.048093982money,cash,9.15,0.16697866professor,cucumber,0.31,0king,cabbage,0.23,0king,queen,8.58,0.09167648king,rook,5.92,0bishop,rabbi,6.69,0Jerusalem,Israel,8.46,0Jerusalem,Palestinian,7.65,0holy,sex,1.62,0.081260026fuck,sex,9.44,0Maradona,football,8.62,0football,soccer,9.03,0.085729465football,basketball,6.81,0.005182368football,tennis,6.63,0.025793895tennis,racket,7.56,0Arafat,peace,6.73,0Arafat,terror,7.65,0Arafat,Jackson,2.5,0law,lawyer,8.38,0.09856781movie,star,7.38,0.006811265movie,popcorn,6.19,0movie,critic,6.73,0movie,theater,7.92,-0.015409434physics,proton,8.12,0physics,chemistry,7.35,0.008560573space,chemistry,4.88,-0.012524433alcohol,chemistry,5.54,-0.08040313vodka,gin,8.46,0vodka,brandy,8.13,0drink,car,3.04,-0.01829153drink,ear,1.31,0.023917302drink,mouth,5.96,0drink,eat,6.87,-0.11084111baby,mother,7.85,0.061224844drink,mother,2.65,-0.04799053car,automobile,8.94,0gem,jewel,8.96,-0.02638977journey,voyage,9.29,0boy,lad,8.83,0coast,shore,9.1,0.17579713asylum,madhouse,8.87,0magician,wizard,9.02,0midday,noon,9.29,0furnace,stove,8.79,0food,fruit,7.52,0bird,cock,7.1,0bird,crane,7.38,0tool,implement,6.46,0.15325601brother,monk,6.27,0crane,implement,2.69,0lad,brother,4.46,0journey,car,5.85,0.07206488monk,oracle,5,0cemetery,woodland,2.08,0food,rooster,4.42,0coast,hill,4.38,0.1136979forest,graveyard,1.85,0shore,woodland,3.08,0monk,slave,0.92,0coast,forest,3.15,0.120450586lad,wizard,0.92,0chord,smile,0.54,0glass,magician,2.08,0noon,string,0.54,0rooster,voyage,0.62,0money,dollar,8.42,0.02392386money,cash,9.08,0.16697866money,currency,9.04,0.003738818money,wealth,8.27,0.09451844money,property,7.57,0.001943609money,possession,7.29,0.089831024money,bank,8.5,0.12865311money,deposit,7.73,0money,withdrawal,6.88,0money,laundering,5.65,0money,operation,3.31,0.13221535tiger,jaguar,8,0tiger,feline,8,0tiger,carnivore,7.08,0tiger,mammal,6.85,0tiger,animal,7,0tiger,organism,4.77,0tiger,fauna,5.62,0tiger,zoo,5.87,0psychology,psychiatry,8.08,0psychology,anxiety,7,0psychology,fear,6.85,0psychology,depression,7.42,0psychology,clinic,6.58,0psychology,doctor,6.42,0psychology,Freud,8.21,0psychology,mind,7.69,0psychology,health,7.23,0psychology,science,6.71,0psychology,discipline,5.58,0psychology,cognition,7.48,0planet,star,8.45,0.022556363planet,constellation,8.06,0planet,moon,8.08,0.06242829planet,sun,8.02,-0.026656192planet,galaxy,8.11,-0.015095821planet,space,7.92,-0.08704024planet,astronomer,7.94,0precedent,example,5.85,0.015693018precedent,information,3.85,-0.05523809precedent,cognition,2.81,0precedent,law,6.65,0.07508572precedent,collection,2.5,0.04552321precedent,group,1.77,0.103897065precedent,antecedent,6.04,0cup,coffee,6.58,0.018147418cup,tableware,6.85,0cup,article,2.4,-0.08712295cup,artifact,2.92,0cup,object,3.69,0.10657705cup,entity,2.15,-0.05193702cup,drink,7.25,-0.034851376cup,food,5,-0.09237106cup,substance,1.92,-0.040847618cup,liquid,5.9,0jaguar,cat,7.42,0jaguar,car,7.27,0energy,secretary,1.81,-0.012437473secretary,senate,5.06,0.01232579energy,laboratory,5.09,0.021257102computer,laboratory,6.78,-0.07990971weapon,secret,6.06,0FBI,fingerprint,6.94,0FBI,investigation,8.31,0investigation,effort,4.59,0.09139297Mars,water,2.94,0Mars,scientist,5.63,0news,report,8.16,0.07713661canyon,landscape,7.53,0image,surface,4.56,-0.08055662discovery,space,6.34,0.01804785water,seepage,6.56,0sign,recess,2.38,0Wednesday,news,2.22,0mile,kilometer,8.66,0computer,news,4.47,0.030213099territory,surface,5.34,0.09100718atmosphere,landscape,3.69,0president,medal,3,0.045765147war,troops,8.13,0.12221059record,number,6.31,0.063804455skin,eye,6.22,-0.03585395Japanese,American,6.5,0theater,history,3.91,0.050332855volunteer,motto,2.56,0.048701327prejudice,recognition,3,-0.036889642decoration,valor,5.63,0century,year,7.59,0.06711204century,nation,3.16,-0.021950157delay,racism,1.19,0delay,news,3.31,-0.053624585minister,party,6.63,0.1408545peace,plan,4.75,-0.052175526minority,peace,3.69,0.026773568attempt,peace,4.25,-0.056550775government,crisis,6.56,0.022966223deployment,departure,4.25,0deployment,withdrawal,5.88,0energy,crisis,5.94,0.010251198announcement,news,7.56,-0.035513967announcement,effort,2.75,-0.015679182stroke,hospital,7.03,0disability,death,5.47,0victim,emergency,6.47,0treatment,recovery,7.91,-0.020742616journal,association,4.97,0.13170639doctor,personnel,5,0.02831246doctor,liability,5.19,-0.05988869liability,insurance,7.03,-0.11572088school,center,3.44,0.032819204reason,hypertension,2.31,0reason,criterion,5.91,0hundred,percent,7.38,0.04898339Harvard,Yale,8.13,0hospital,infrastructure,4.63,-0.108876616death,row,5.25,0death,inmate,5.03,0lawyer,evidence,6.69,0.010156412life,death,7.88,0.07403234life,term,4.5,0.08480257word,similarity,4.75,-0.01987069board,recommendation,4.47,0governor,interview,3.25,0.07432711OPEC,country,5.63,0peace,atmosphere,3.69,0.039479643peace,insurance,2.94,0.01679266territory,kilometer,5.28,0travel,activity,5,0.086258546competition,price,6.44,0.0974543consumer,confidence,4.13,0consumer,energy,4.75,0problem,airport,2.38,-0.01210239car,flight,4.94,0.14668328credit,card,8.06,0.10563846credit,information,5.31,0.012161505hotel,reservation,8.03,0.17910044grocery,money,5.94,0.09483664registration,arrangement,6,-0.024747953arrangement,accommodation,5.41,0month,hotel,1.81,0.15118492type,kind,8.97,0.14115432arrival,hotel,6,0.10966368bed,closet,6.72,0closet,clothes,8,0situation,conclusion,4.81,-0.027197953situation,isolation,3.88,0.09183586impartiality,interest,5.16,0direction,combination,2.25,0.08973625street,place,6.44,0.024031918street,avenue,8.88,-0.0673228street,block,6.88,0.13946661street,children,4.94,0.117820844listing,proximity,2.56,0.033935186listing,category,6.38,-0.008882254cell,phone,7.81,0production,hike,1.75,0benchmark,index,4.25,0media,trading,3.88,0.065076254media,gain,2.88,0.048675448dividend,payment,7.63,0dividend,calculation,6.48,0calculation,computation,8.44,0currency,market,7.5,0.047881693OPEC,oil,8.59,0oil,stock,6.34,0.113490745announcement,production,3.38,-0.041931115announcement,warning,6,0.042401742profit,warning,3.88,-0.00955566profit,loss,7.63,0.040862594dollar,yen,7.78,0dollar,buck,9.22,0.06634635dollar,profit,7.38,0.009201381dollar,loss,6.09,0.020763462computer,software,8.5,0.052877903network,hardware,8.31,0phone,equipment,7.13,0equipment,maker,5.91,0.050867543luxury,car,6.47,0five,month,3.38,0.13267979report,gain,3.63,0.019410666investor,earning,7.13,0.006595243liquid,water,7.89,0baseball,season,5.97,0.07731871game,victory,7.03,0.031344898game,team,7.69,0.08653898marathon,sprint,7.47,0game,series,6.19,0.08202223game,defeat,6.97,0.045534883seven,series,3.56,0.037553683seafood,sea,7.47,0seafood,food,8.34,0seafood,lobster,8.7,0lobster,food,7.81,0.084407054lobster,wine,5.7,0food,preparation,6.22,0.08092955video,archive,6.34,0start,year,4.06,0.027492605start,match,4.47,0.06561555game,round,5.97,-0.031756204boxing,round,7.61,0.054621324championship,tournament,8.36,0.063640624fighting,defeating,7.41,-0.028731424line,insurance,2.69,0.04923322day,summer,3.94,0.04070454summer,drought,7.16,0summer,nature,5.63,0.085193574day,dawn,7.53,0.10189012nature,environment,8.31,0.011734713environment,ecology,8.81,0nature,man,6.25,0.010974464man,woman,8.3,-0.06877074man,governor,5.25,0.054389425murder,manslaughter,8.53,0soap,opera,7.94,-0.021557191opera,performance,6.88,0.026855543life,lesson,5.94,0focus,life,4.06,0.11825852production,crew,6.25,0.040313907television,film,7.72,0.07109038lover,quarrel,6.19,0viewer,serial,2.97,-0.012744289possibility,girl,1.94,0population,development,3.75,0.056678496morality,importance,3.31,-0.082856715morality,marriage,3.69,0.086725295Mexico,Brazil,7.44,0gender,equality,6.41,0change,attitude,5.44,0family,planning,6.25,-0.074120544opera,industry,2.63,0.071563914sugar,approach,0.88,0.019468881practice,institution,3.19,0.1265632ministry,culture,4.69,0.038464025problem,challenge,6.75,-0.04867767size,prominence,5.31,-0.018328128country,citizen,7.31,0.007543087planet,people,5.75,-0.08006587development,issue,3.97,0.039163575experience,music,3.47,0.12960847music,project,3.63,0.08209413glass,metal,5.56,0.0789582aluminum,metal,7.83,-0.07938065chance,credibility,3.88,0exhibit,memorabilia,5.31,-0.04079303concert,virtuoso,6.81,0rock,jazz,7.59,0.038927138museum,theater,7.19,-0.017462812observation,architecture,4.38,-0.12515086space,world,6.53,0.026117835preservation,world,6.19,0.06122061admission,ticket,7.69,-0.0794902shower,thunderstorm,6.31,0shower,flood,6.03,0weather,forecast,8.34,0disaster,area,6.25,0governor,office,6.34,0.20765471architecture,century,3.78,-0.029653046